-- phpMyAdmin SQL Dump
-- version 4.8.5
-- https://www.phpmyadmin.net/
--
-- Anamakine: 127.0.0.1
-- Üretim Zamanı: 28 Tem 2023, 14:17:16
-- Sunucu sürümü: 10.1.38-MariaDB
-- PHP Sürümü: 5.6.40

SET SQL_MODE = "NO_AUTO_VALUE_ON_ZERO";
SET AUTOCOMMIT = 0;
START TRANSACTION;
SET time_zone = "+00:00";


/*!40101 SET @OLD_CHARACTER_SET_CLIENT=@@CHARACTER_SET_CLIENT */;
/*!40101 SET @OLD_CHARACTER_SET_RESULTS=@@CHARACTER_SET_RESULTS */;
/*!40101 SET @OLD_COLLATION_CONNECTION=@@COLLATION_CONNECTION */;
/*!40101 SET NAMES utf8mb4 */;

--
-- Veritabanı: `test`
--

-- --------------------------------------------------------

--
-- Tablo için tablo yapısı `abonelik`
--

CREATE TABLE `abonelik` (
  `musteri_id` int(11) NOT NULL,
  `sirket_id` int(11) NOT NULL
) ENGINE=InnoDB DEFAULT CHARSET=latin1;

--
-- Tablo döküm verisi `abonelik`
--

INSERT INTO `abonelik` (`musteri_id`, `sirket_id`) VALUES
(100, 0),
(101, 0),
(106, 0),
(125, 0),
(104, 5),
(101, 12),
(114, 89),
(100, 140),
(106, 140),
(104, 147);

-- --------------------------------------------------------

--
-- Tablo için tablo yapısı `banka`
--

CREATE TABLE `banka` (
  `banka_id` int(11) NOT NULL,
  `banka_ad` varchar(50) DEFAULT NULL
) ENGINE=InnoDB DEFAULT CHARSET=latin1;

--
-- Tablo döküm verisi `banka`
--

INSERT INTO `banka` (`banka_id`, `banka_ad`) VALUES
(123, 'HALKBANK'),
(180, 'ZIRAATBANKASI');

-- --------------------------------------------------------

--
-- Tablo için tablo yapısı `data1`
--

CREATE TABLE `data1` (
  `KRM_KOD` int(11) DEFAULT NULL,
  `ABN_NO` int(11) DEFAULT NULL,
  `ABN_FTR_SIRA_NO` varchar(512) DEFAULT NULL,
  `SIRA_NO` int(11) DEFAULT NULL,
  `ABN_FTR_NO` int(11) DEFAULT NULL,
  `ABN_AD` varchar(512) DEFAULT NULL,
  `SON_ODM_TAR` varchar(512) DEFAULT NULL,
  `FTR_TUT` double DEFAULT NULL,
  `CEZA_HSP_KOD` varchar(512) DEFAULT NULL,
  `KDV_KOD` varchar(512) DEFAULT NULL,
  `FTR_TIP_KOD` varchar(512) DEFAULT NULL,
  `ABN_GRP_KOD` varchar(512) DEFAULT NULL,
  `CEZA_TUT` double DEFAULT NULL,
  `CEZA_KDV_TUT` double DEFAULT NULL,
  `FTR_ODM_SEKIL_KOD` int(11) DEFAULT NULL,
  `FTR_DRM_KOD` varchar(512) DEFAULT NULL,
  `ODM_BRM_KOD` int(11) DEFAULT NULL,
  `ODM_TAR` varchar(512) DEFAULT NULL,
  `MUDI_NO` int(11) DEFAULT NULL,
  `BRM_KOD` int(11) DEFAULT NULL,
  `ODM_OP_ID` varchar(512) DEFAULT NULL,
  `IPTAL_TAR` varchar(512) DEFAULT NULL,
  `IPTAL_OP_ID` varchar(512) DEFAULT NULL,
  `TLMT_FLAG` varchar(512) DEFAULT NULL,
  `EK_NO` varchar(512) DEFAULT NULL,
  `TXN_EV_BRM_KOD` int(11) DEFAULT NULL,
  `TXN_EV_TIP_KOD` varchar(512) DEFAULT NULL,
  `TXN_EV_SIRA_NO` varchar(512) DEFAULT NULL,
  `ACIKLAMA` varchar(512) DEFAULT NULL,
  `TLMT_MUDI_NO` varchar(512) DEFAULT NULL,
  `ODENEN_TUT` double DEFAULT NULL,
  `BORC_MUST_NO` int(11) DEFAULT NULL,
  `BORC_EK_NO` varchar(512) DEFAULT NULL,
  `KRD_KART_NO` varchar(512) DEFAULT NULL,
  `KOM_TUT` double DEFAULT NULL,
  `BSMV_TUT` double DEFAULT NULL,
  `SYSTEM_KEY` varchar(512) DEFAULT NULL,
  `KRD_REF_NO` varchar(512) DEFAULT NULL,
  `UIY_NO` varchar(512) DEFAULT NULL
) ENGINE=InnoDB DEFAULT CHARSET=latin1;

--
-- Tablo döküm verisi `data1`
--

INSERT INTO `data1` (`KRM_KOD`, `ABN_NO`, `ABN_FTR_SIRA_NO`, `SIRA_NO`, `ABN_FTR_NO`, `ABN_AD`, `SON_ODM_TAR`, `FTR_TUT`, `CEZA_HSP_KOD`, `KDV_KOD`, `FTR_TIP_KOD`, `ABN_GRP_KOD`, `CEZA_TUT`, `CEZA_KDV_TUT`, `FTR_ODM_SEKIL_KOD`, `FTR_DRM_KOD`, `ODM_BRM_KOD`, `ODM_TAR`, `MUDI_NO`, `BRM_KOD`, `ODM_OP_ID`, `IPTAL_TAR`, `IPTAL_OP_ID`, `TLMT_FLAG`, `EK_NO`, `TXN_EV_BRM_KOD`, `TXN_EV_TIP_KOD`, `TXN_EV_SIRA_NO`, `ACIKLAMA`, `TLMT_MUDI_NO`, `ODENEN_TUT`, `BORC_MUST_NO`, `BORC_EK_NO`, `KRD_KART_NO`, `KOM_TUT`, `BSMV_TUT`, `SYSTEM_KEY`, `KRD_REF_NO`, `UIY_NO`) VALUES
(40, 2147483647, '0', 1, 712615613, ' FL* DT**** WU**** TZ****', '2008-05-31', 0, '', '', '1', '', 0, 200805, 3, 'M', 496, '2023-03-28', 0, 0, 'B1T1SGB', '1900-01-01', '', 'H', '0', 496, 'TURK', '2023-03-28-17.40.48.251725', '00000007126156135320000020                                          566903763660', '', 16.5, 4, '0', '5528791515162291', 0, 0, '10026545739', '90244270725172527', '000000001013475'),
(40, 2147483647, '0', 45, 2147483647, 'JY****** LE******* ON****', '2022-11-22', 0, '', '', '1', '', 0, 202211, 3, 'M', 101, '2023-01-03', 1000053, 101, 'INTERNET', '1900-01-01', '', 'H', '0', 101, 'TURK', '2023-01-03-11.19.26.890215', '00000055435352035302015336                                          801533461764', '', 3.8, 10, '0', '', 0, 0, '', '', ''),
(40, 2147483647, '0', 11, 2147483647, 'SI******* *********', '2019-03-11', 38.9, '', '', '1', '', 0, 201812, 3, 'O', 916, '2022-01-20', 0, 0, 'ATM  T01', '1900-01-01', '', 'H', '0', 916, 'TURK', '2022-01-20-17.37.39.976880', '00000035358659595303138172                                          028239441400', '', 38.9, 7, '0', '', 0, 0, '', '', ''),
(40, 2147483647, '0', 12, 2147483647, 'SI******* *********', '2019-05-13', 98.8, '', '', '1', '', 0, 201902, 3, 'O', 916, '2022-01-20', 1553884, 850, 'ATM  T01', '1900-01-01', '', 'H', '0', 916, 'TURK', '2022-01-20-17.39.39.838552', '00000036235752795303138172                                          778019016599', '', 98.8, 8, '0', '', 0, 0, '', '', ''),
(40, 2147483647, '0', 3, 2147483647, 'AC**** XJ**', '2022-03-21', 0, '', '', '1', '', 0, 202203, 3, 'O', 101, '2022-07-27', 0, 0, 'CA3OSGB', '1900-01-01', '', 'H', '0', 101, 'TURK', '2022-07-27-15.30.17.814833', '00000051641228535321000085                                          177868445513', '', 131.1, 6, '0', '', 952.38, 47.62, '', '', ''),
(40, 2147483647, '0', 1, 1360473788, 'NA**** **** ***** *** ***', '2013-03-04', 0, '', '', '1', '', 0, 201302, 3, 'M', 101, '2023-03-02', 1030285, 101, 'WAPB', '1900-01-01', '', 'H', '0', 101, 'TURK', '2023-03-02-18.00.13.174318', '00000013604737885321000345                                          115191935493', '', 7.4, 3, '0', '', 0, 0, '', '', ''),
(40, 2147483647, '0', 1, 1551664815, 'TU*** YI******', '2014-03-24', 8.05, '', '', '1', '', 0, 201403, 3, 'O', 916, '2021-06-08', 0, 0, 'ATM  T01', '1900-01-01', '', 'H', '0', 916, 'TURK', '2021-06-08-10.56.50.007200', '00000015516648155321343343                                          594729315535', '', 8.05, 1, '0', '', 0, 0, '', '', ''),
(40, 2147483647, '0', 1, 2147483647, 'KN******* **** **** ****', '2021-01-22', 0, '', '', '1', '', 0, 202101, 3, 'M', 101, '2022-07-29', 789052, 101, 'WAPB', '1900-01-01', '', 'H', '0', 101, 'TURK', '2022-07-29-11.46.20.459459', '00000045369971945344781429                                          502815526698', '', 1.25, 1, '0', '', 0, 0, '', '', ''),
(40, 2147483647, '0', 2, 2147483647, 'KN******* **** **** ****', '2022-03-17', 1.35, '', '', '1', '', 0, 202202, 3, 'O', 101, '2022-05-10', 1000613, 300, 'ATM  T02', '1900-01-01', '', 'H', '0', 101, 'TURK', '2022-05-10-10.36.57.169488', '00000051567668835344781429                                          951540367306', '', 1.35, 9, '0', '', 0, 0, '', '', ''),
(40, 2147483647, '0', 3, 2147483647, 'KN******* **** **** ****', '2019-11-22', 0, '', '', '1', '', 0, 201911, 3, 'M', 101, '2022-09-29', 789052, 101, 'INTERNET', '1900-01-01', '', 'H', '0', 101, 'TURK', '2022-09-29-08.38.19.267832', '00000039894312395344781429                                          971593384495', '', 1.35, 4, '0', '', 0, 0, '', '', ''),
(40, 2147483647, '0', 4, 2147483647, 'Z.******** KI******* DG**', '2022-11-07', 0, '', '', '1', '', 0, 202210, 3, 'M', 101, '2023-02-22', 1030300, 101, 'INTERNET', '1900-01-01', '', 'H', '0', 101, 'TURK', '2023-02-22-12.45.56.943308', '00000055219873395344781429                                          937524478358', '', 2.75, 2, '0', '', 0, 0, '', '', ''),
(40, 2147483647, '0', 5, 2147483647, 'G.********** ********* **', '2023-03-09', 0, '', '', '1', '', 0, 202302, 3, 'M', 101, '2023-04-10', 65432000, 101, 'WAPB', '1900-01-01', '', 'H', '0', 101, 'TURK', '2023-04-10-20.29.59.989640', '00000057102401325344781429                                          593453478964', '', 4.65, 1, '0', '', 0, 0, '', '', ''),
(40, 2147483647, '0', 6, 2147483647, 'G.********** ********* **', '2023-01-06', 0, '', '', '1', '', 0, 202212, 3, 'M', 101, '2023-04-11', 1030300, 101, 'WAPB', '1900-01-01', '', 'H', '0', 101, 'TURK', '2023-04-11-15.44.04.097733', '00000056144820825344781429                                          498958667541', '', 6.15, 1, '0', '', 0, 0, '', '', ''),
(40, 2147483647, '0', 7, 2147483647, 'FA***** UV** KL** EO** GB', '2022-10-17', 0, '', '', '1', '', 0, 202209, 3, 'M', 101, '2023-04-27', 1030282, 101, 'WAPB', '1900-01-01', '', 'H', '0', 101, 'TURK', '2023-04-27-18.34.56.112018', '00000054780750955344781429                                          983852932011', '', 1.35, 1, '0', '', 0, 0, '', '', ''),
(40, 2147483647, '0', 8, 2147483647, 'G.********** ********* **', '2023-02-07', 0, '', '', '1', '', 0, 202301, 3, 'M', 101, '2023-04-30', 1030244, 101, 'WAPB', '1900-01-01', '', 'H', '0', 101, 'TURK', '2023-04-30-13.40.28.654855', '00000056627922935344781429                                          933698583401', '', 4.55, 1, '0', '', 0, 0, '', '', ''),
(40, 2147483647, '0', 1, 2147483647, 'TU******* **** **** ****', '2022-03-17', 0, '', '', '1', '', 0, 202202, 3, 'O', 101, '2022-11-02', 5000003, 101, 'TXXX101', '2022-03-07', 'TXXX101', 'H', '0', 101, 'TURK', '2022-03-07-11.52.26.623214', '00000051567719525344781429                                          152605751374', '', 1.25, 11, '0', '', 0, 0, '', '', ''),
(40, 2147483647, '0', 2, 2147483647, 'TU******* **** **** ****', '2022-03-17', 0, '', '', '1', '', 0, 202202, 3, 'O', 101, '2022-11-02', 5000003, 101, 'TXXX101', '2022-03-07', 'TXXX101', 'H', '0', 101, 'TURK', '2022-03-07-11.52.26.623214', '00000051567719525344781429                                          152605751374', '', 1.25, 11, '0', '', 0, 0, '', '', ''),
(40, 2147483647, '0', 4, 2147483647, 'TU******* **** **** ****', '2022-03-17', 0, '', '', '1', '', 0, 202202, 3, 'O', 101, '2022-11-02', 5000003, 101, 'TXXX101', '2022-03-07', 'TXXX101', 'H', '0', 101, 'TURK', '2022-03-07-11.52.26.623214', '00000051567719525344781429                                          152605751374', '', 1.25, 11, '0', '', 0, 0, '', '', ''),
(40, 2147483647, '0', 5, 2147483647, 'TU******* **** **** ****', '2022-03-17', 0, '', '', '1', '', 0, 202202, 3, 'O', 101, '2022-11-02', 5000003, 101, 'TXXX101', '2022-03-07', 'TXXX101', 'H', '0', 101, 'TURK', '2022-03-07-11.52.26.623214', '00000051567719525344781429                                          152605751374', '', 1.25, 11, '0', '', 0, 0, '', '', ''),
(40, 2147483647, '0', 6, 2147483647, 'TU******* **** **** ****', '2022-03-17', 0, '', '', '1', '', 0, 202202, 3, 'O', 101, '2022-11-02', 5000003, 101, 'TXXX101', '2022-03-07', 'TXXX101', 'H', '0', 101, 'TURK', '2022-03-07-11.52.26.623214', '00000051567719525344781429                                          152605751374', '', 1.25, 11, '0', '', 0, 0, '', '', ''),
(40, 2147483647, '0', 7, 2147483647, 'TU******* **** **** ****', '2022-03-17', 0, '', '', '1', '', 0, 202202, 3, 'O', 101, '2022-11-02', 5000003, 101, 'TXXX101', '2022-03-07', 'TXXX101', 'H', '0', 101, 'TURK', '2022-03-07-11.52.26.623214', '00000051567719525344781429                                          152605751374', '', 1.25, 11, '0', '', 0, 0, '', '', ''),
(40, 2147483647, '0', 8, 2147483647, 'TU******* **** **** ****', '2022-03-17', 0, '', '', '1', '', 0, 202202, 3, 'O', 101, '2022-11-02', 5000003, 101, 'TXXX101', '2022-03-07', 'TXXX101', 'H', '0', 101, 'TURK', '2022-03-07-11.52.26.623214', '00000051567719525344781429                                          152605751374', '', 1.25, 11, '0', '', 0, 0, '', '', ''),
(40, 2147483647, '0', 9, 2147483647, 'TU******* **** **** ****', '2022-03-17', 0, '', '', '1', '', 0, 202202, 3, 'O', 101, '2022-11-02', 5000003, 101, 'TXXX101', '2022-03-07', 'TXXX101', 'H', '0', 101, 'TURK', '2022-03-07-11.52.26.623214', '00000051567719525344781429                                          152605751374', '', 1.25, 11, '0', '', 0, 0, '', '', ''),
(40, 2147483647, '0', 10, 2147483647, 'TU******* **** **** ****', '2022-03-17', 0, '', '', '1', '', 0, 202202, 3, 'O', 101, '2022-11-02', 5000003, 101, 'TXXX101', '2022-03-07', 'TXXX101', 'H', '0', 101, 'TURK', '2022-03-07-11.52.26.623214', '00000051567719525344781429                                          152605751374', '', 1.25, 11, '0', '', 0, 0, '', '', ''),
(40, 2147483647, '0', 11, 2147483647, 'TU******* **** **** ****', '2022-03-17', 0, '', '', '1', '', 0, 202202, 3, 'O', 101, '2022-11-02', 5000003, 101, 'TXXX101', '2022-03-07', 'TXXX101', 'H', '0', 101, 'TURK', '2022-03-07-11.52.26.623214', '00000051567719525344781429                                          152605751374', '', 1.25, 11, '0', '', 0, 0, '', '', ''),
(40, 2147483647, '0', 12, 2147483647, 'TU******* **** **** ****', '2022-03-17', 0, '', '', '1', '', 0, 202202, 3, 'O', 101, '2022-11-02', 5000003, 101, 'TXXX101', '2022-03-07', 'TXXX101', 'H', '0', 101, 'TURK', '2022-03-07-11.52.26.623214', '00000051567719525344781429                                          152605751374', '', 1.25, 11, '0', '', 0, 0, '', '', ''),
(40, 2147483647, '0', 13, 2147483647, 'TU******* **** **** ****', '2022-03-17', 0, '', '', '1', '', 0, 202202, 3, 'O', 101, '2022-11-02', 5000003, 101, 'TXXX101', '2022-03-07', 'TXXX101', 'H', '0', 101, 'TURK', '2022-03-07-11.52.26.623214', '00000051567719525344781429                                          152605751374', '', 1.25, 11, '0', '', 0, 0, '', '', ''),
(40, 2147483647, '0', 14, 2147483647, 'TU******* **** **** ****', '2022-03-17', 0, '', '', '1', '', 0, 202202, 3, 'O', 101, '2022-11-02', 5000003, 101, 'TXXX101', '2022-03-07', 'TXXX101', 'H', '0', 101, 'TURK', '2022-03-07-11.52.26.623214', '00000051567719525344781429                                          152605751374', '', 1.25, 11, '0', '', 0, 0, '', '', ''),
(40, 2147483647, '0', 15, 2147483647, 'TU******* **** **** ****', '2022-03-17', 0, '', '', '1', '', 0, 202202, 3, 'O', 101, '2022-11-02', 5000003, 101, 'TXXX101', '2022-03-07', 'TXXX101', 'H', '0', 101, 'TURK', '2022-03-07-11.52.26.623214', '00000051567719525344781429                                          152605751374', '', 1.25, 11, '0', '', 0, 0, '', '', ''),
(40, 2147483647, '0', 16, 2147483647, 'TU******* **** **** ****', '2022-03-17', 0, '', '', '1', '', 0, 202202, 3, 'O', 101, '2022-11-02', 5000003, 101, 'TXXX101', '2022-03-07', 'TXXX101', 'H', '0', 101, 'TURK', '2022-03-07-11.52.26.623214', '00000051567719525344781429                                          152605751374', '', 1.25, 11, '0', '', 0, 0, '', '', ''),
(40, 2147483647, '0', 17, 2147483647, 'TU******* **** **** ****', '2022-03-17', 0, '', '', '1', '', 0, 202202, 3, 'O', 101, '2022-11-02', 5000003, 101, 'TXXX101', '2022-03-07', 'TXXX101', 'H', '0', 101, 'TURK', '2022-03-07-11.52.26.623214', '00000051567719525344781429                                          152605751374', '', 1.25, 11, '0', '', 0, 0, '', '', ''),
(40, 2147483647, '0', 18, 2147483647, 'TU******* **** **** ****', '2022-03-17', 0, '', '', '1', '', 0, 202202, 3, 'O', 101, '2022-11-02', 5000003, 101, 'TXXX101', '2022-03-07', 'TXXX101', 'H', '0', 101, 'TURK', '2022-03-07-11.52.26.623214', '00000051567719525344781429                                          152605751374', '', 1.25, 11, '0', '', 0, 0, '', '', ''),
(40, 2147483647, '0', 19, 2147483647, 'TU******* **** **** ****', '2022-03-17', 0, '', '', '1', '', 0, 202202, 3, 'O', 101, '2022-11-02', 5000003, 101, 'TXXX101', '2022-03-07', 'TXXX101', 'H', '0', 101, 'TURK', '2022-03-07-11.52.26.623214', '00000051567719525344781429                                          152605751374', '', 1.25, 11, '0', '', 0, 0, '', '', ''),
(40, 2147483647, '0', 20, 2147483647, 'TU******* **** **** ****', '2022-03-17', 0, '', '', '1', '', 0, 202202, 3, 'O', 101, '2022-11-02', 5000003, 101, 'TXXX101', '2022-03-07', 'TXXX101', 'H', '0', 101, 'TURK', '2022-03-07-11.52.26.623214', '00000051567719525344781429                                          152605751374', '', 1.25, 11, '0', '', 0, 0, '', '', ''),
(40, 2147483647, '0', 21, 2147483647, 'TU******* **** **** ****', '2022-03-17', 0, '', '', '1', '', 0, 202202, 3, 'O', 101, '2022-11-02', 5000003, 101, 'TXXX101', '2022-03-07', 'TXXX101', 'H', '0', 101, 'TURK', '2022-03-07-11.52.26.623214', '00000051567719525344781429                                          152605751374', '', 1.25, 11, '0', '', 0, 0, '', '', ''),
(40, 2147483647, '0', 22, 2147483647, 'TU******* **** **** ****', '2022-03-17', 0, '', '', '1', '', 0, 202202, 3, 'O', 101, '2022-11-02', 5000003, 101, 'TXXX101', '2022-03-07', 'TXXX101', 'H', '0', 101, 'TURK', '2022-03-07-11.52.26.623214', '00000051567719525344781429                                          152605751374', '', 1.25, 11, '0', '', 0, 0, '', '', '');

-- --------------------------------------------------------

--
-- Tablo için tablo yapısı `kisisel_hesap`
--

CREATE TABLE `kisisel_hesap` (
  `musteri_id` int(11) NOT NULL,
  `banka_id` int(11) NOT NULL
) ENGINE=InnoDB DEFAULT CHARSET=latin1;

--
-- Tablo döküm verisi `kisisel_hesap`
--

INSERT INTO `kisisel_hesap` (`musteri_id`, `banka_id`) VALUES
(100, 123),
(101, 180),
(103, 180),
(104, 123),
(108, 180),
(114, 123),
(125, 123),
(166, 123);

-- --------------------------------------------------------

--
-- Tablo için tablo yapısı `musteri`
--

CREATE TABLE `musteri` (
  `musteri_id` int(11) NOT NULL,
  `musteri_ad` varchar(60) DEFAULT NULL,
  `musteri_tckn` char(11) DEFAULT NULL,
  `muster_para` int(11) DEFAULT NULL
) ENGINE=InnoDB DEFAULT CHARSET=latin1;

--
-- Tablo döküm verisi `musteri`
--

INSERT INTO `musteri` (`musteri_id`, `musteri_ad`, `musteri_tckn`, `muster_para`) VALUES
(100, 'OGUN ATALAY', '22222222222', 500),
(101, 'ARDA BAYDAR', '7878787878', 45),
(103, 'OZNUR OZDEMIR', '747474547', 3500000),
(104, 'MUSTAFA BALCI', '35635635626', 450120),
(105, 'AHMET YILDIZ', '12312312355', 155),
(106, 'ZEYNEP OZ', '78945612323', 1250),
(108, 'EBRU YESIL', '14514514515', 4230),
(114, 'SINEM EROL', '14714714714', 1000000),
(122, 'GAMZE KAYA', '89898989898', 2),
(125, 'MERT DEMIR', '7871547878', 15020),
(155, 'TARIK COBAN', '12312356569', 156600),
(166, 'LEVENT SAVAS', '18918916654', 6500);

-- --------------------------------------------------------

--
-- Tablo için tablo yapısı `sirket`
--

CREATE TABLE `sirket` (
  `sirket_id` int(11) NOT NULL,
  `sirket_ad` varchar(50) DEFAULT NULL
) ENGINE=InnoDB DEFAULT CHARSET=latin1;

--
-- Tablo döküm verisi `sirket`
--

INSERT INTO `sirket` (`sirket_id`, `sirket_ad`) VALUES
(0, 'SPOTIFY'),
(5, 'YOUTUBE'),
(12, 'TURKCELL'),
(15, 'VODAFONE'),
(89, 'APPLE'),
(111, 'ERIKLI SU'),
(140, 'NETFLIX'),
(147, 'KOTON'),
(1156, 'TRENDYOL');

-- --------------------------------------------------------

--
-- Tablo için tablo yapısı `sirket_hesap`
--

CREATE TABLE `sirket_hesap` (
  `sirket_id` int(11) NOT NULL,
  `banka_id` int(11) NOT NULL
) ENGINE=InnoDB DEFAULT CHARSET=latin1;

--
-- Tablo döküm verisi `sirket_hesap`
--

INSERT INTO `sirket_hesap` (`sirket_id`, `banka_id`) VALUES
(5, 180),
(12, 123),
(111, 180),
(140, 123),
(147, 123),
(1156, 123);

--
-- Dökümü yapılmış tablolar için indeksler
--

--
-- Tablo için indeksler `abonelik`
--
ALTER TABLE `abonelik`
  ADD PRIMARY KEY (`sirket_id`,`musteri_id`),
  ADD KEY `musteri_id` (`musteri_id`);

--
-- Tablo için indeksler `banka`
--
ALTER TABLE `banka`
  ADD PRIMARY KEY (`banka_id`);

--
-- Tablo için indeksler `kisisel_hesap`
--
ALTER TABLE `kisisel_hesap`
  ADD PRIMARY KEY (`musteri_id`,`banka_id`),
  ADD KEY `banka_id` (`banka_id`);

--
-- Tablo için indeksler `musteri`
--
ALTER TABLE `musteri`
  ADD PRIMARY KEY (`musteri_id`);

--
-- Tablo için indeksler `sirket`
--
ALTER TABLE `sirket`
  ADD PRIMARY KEY (`sirket_id`);

--
-- Tablo için indeksler `sirket_hesap`
--
ALTER TABLE `sirket_hesap`
  ADD PRIMARY KEY (`sirket_id`,`banka_id`),
  ADD KEY `banka_id` (`banka_id`);

--
-- Dökümü yapılmış tablolar için kısıtlamalar
--

--
-- Tablo kısıtlamaları `abonelik`
--
ALTER TABLE `abonelik`
  ADD CONSTRAINT `abonelik_ibfk_1` FOREIGN KEY (`musteri_id`) REFERENCES `musteri` (`musteri_id`),
  ADD CONSTRAINT `abonelik_ibfk_2` FOREIGN KEY (`sirket_id`) REFERENCES `sirket` (`sirket_id`);

--
-- Tablo kısıtlamaları `kisisel_hesap`
--
ALTER TABLE `kisisel_hesap`
  ADD CONSTRAINT `kisisel_hesap_ibfk_1` FOREIGN KEY (`banka_id`) REFERENCES `banka` (`banka_id`),
  ADD CONSTRAINT `kisisel_hesap_ibfk_2` FOREIGN KEY (`musteri_id`) REFERENCES `musteri` (`musteri_id`);

--
-- Tablo kısıtlamaları `sirket_hesap`
--
ALTER TABLE `sirket_hesap`
  ADD CONSTRAINT `sirket_hesap_ibfk_1` FOREIGN KEY (`banka_id`) REFERENCES `banka` (`banka_id`),
  ADD CONSTRAINT `sirket_hesap_ibfk_2` FOREIGN KEY (`sirket_id`) REFERENCES `sirket` (`sirket_id`);
COMMIT;

/*!40101 SET CHARACTER_SET_CLIENT=@OLD_CHARACTER_SET_CLIENT */;
/*!40101 SET CHARACTER_SET_RESULTS=@OLD_CHARACTER_SET_RESULTS */;
/*!40101 SET COLLATION_CONNECTION=@OLD_COLLATION_CONNECTION */;
